
{
	"allowSleep" : true,
	"autoClearForces" : true,
	"body" : 
	[
		
		{
			"angle" : 0,
			"angularVelocity" : 0,
			"awake" : true,
			"fixture" : 
			[
				
				{
					"circle" : 
					{
						"center" : 
						{
							"x" : 0,
							"y" : -4.768371582031250e-07
						},
						"radius" : 0.5289185643196106
					},
					"density" : 1,
					"friction" : 0.2,
					"name" : "fixture1"
				}
			],
			"linearVelocity" : 0,
			"name" : "body1",
			"position" : 
			{
				"x" : 4.064956188201904,
				"y" : 6.408290863037109
			},
			"type" : 0
		},
		
		{
			"angle" : 0.4960259199142456,
			"angularVelocity" : 0,
			"awake" : true,
			"customProperties" : 
			[
				
				{
					"name" : "character",
					"string" : "player"
				}
			],
			"fixture" : 
			[
				
				{
					"customProperties" : 
					[
						
						{
							"int" : 7,
							"name" : "shape"
						}
					],
					"density" : 1,
					"friction" : 0.2,
					"name" : "fixture2",
					"polygon" : 
					{
						"vertices" : 
						{
							"x" : 
							[
								0.5331563949584961,
								0.5331563949584961,
								-0.5331563949584961,
								-0.5331563949584961
							],
							"y" : 
							[
								-0.1363964080810547,
								0.1363964080810547,
								0.1363964080810547,
								-0.1363964080810547
							]
						}
					}
				}
			],
			"linearVelocity" : 0,
			"massData-I" : 0.02936553023755550,
			"massData-mass" : 0.2908824682235718,
			"name" : "body2",
			"position" : 
			{
				"x" : 11.56208896636963,
				"y" : 9.066013336181641
			},
			"type" : 2
		},
		
		{
			"angle" : 3.141592741012573,
			"angularVelocity" : 0,
			"awake" : true,
			"fixture" : 
			[
				
				{
					"density" : 1,
					"friction" : 0.2,
					"name" : "fixture3",
					"polygon" : 
					{
						"vertices" : 
						{
							"x" : [ 0.5, 0.5, -0.5, -0.5 ],
							"y" : 
							[
								-1.972220897674561,
								1.972219944000244,
								1.972219944000244,
								-1.972220897674561
							]
						}
					}
				}
			],
			"linearVelocity" : 0,
			"name" : "body3",
			"position" : 
			{
				"x" : 2.258851051330566,
				"y" : 2.682054042816162
			},
			"type" : 0
		},
		
		{
			"angle" : 3.141592741012573,
			"angularVelocity" : 0,
			"awake" : true,
			"customProperties" : 
			[
				
				{
					"name" : "character",
					"string" : "player"
				}
			],
			"fixture" : 
			[
				
				{
					"density" : 1,
					"friction" : 0.2,
					"name" : "fixture3",
					"polygon" : 
					{
						"vertices" : 
						{
							"x" : [ 0.5, 0.5, -0.5, -0.5 ],
							"y" : 
							[
								-1.972220897674561,
								1.972219944000244,
								1.972219944000244,
								-1.972220897674561
							]
						}
					}
				}
			],
			"linearVelocity" : 0,
			"name" : "body3",
			"position" : 
			{
				"x" : 14.32670021057129,
				"y" : 2.682049989700317
			},
			"type" : 0
		},
		
		{
			"angle" : 0.1745329201221466,
			"angularVelocity" : 0,
			"awake" : true,
			"fixture" : 
			[
				
				{
					"density" : 1,
					"friction" : 0.2,
					"name" : "fixture2",
					"polygon" : 
					{
						"vertices" : 
						{
							"x" : [ 0.5, 0.5, -0.5, -0.5 ],
							"y" : [ -0.5, 0.5, 0.5, -0.5 ]
						}
					}
				}
			],
			"linearVelocity" : 0,
			"massData-I" : 0.1666666716337204,
			"massData-mass" : 1,
			"name" : "body2",
			"position" : 
			{
				"x" : 5.314415931701660,
				"y" : 10.26867198944092
			},
			"type" : 2
		},
		
		{
			"angle" : 0,
			"angularVelocity" : 0,
			"awake" : true,
			"fixture" : 
			[
				
				{
					"density" : 1,
					"friction" : 0.2,
					"name" : "fixture2",
					"polygon" : 
					{
						"vertices" : 
						{
							"x" : [ 0.5, 0.5, -0.5, -0.5 ],
							"y" : [ -0.5, 0.5, 0.5, -0.5 ]
						}
					}
				}
			],
			"linearVelocity" : 0,
			"massData-I" : 0.1666666716337204,
			"massData-mass" : 1,
			"name" : "body2",
			"position" : 
			{
				"x" : 9.145927429199219,
				"y" : 11.19911575317383
			},
			"type" : 2
		},
		
		{
			"angle" : 0,
			"angularVelocity" : 0,
			"awake" : true,
			"fixture" : 
			[
				
				{
					"circle" : 
					{
						"center" : 
						{
							"x" : -9.536743164062500e-07,
							"y" : 0
						},
						"radius" : 0.5289185643196106
					},
					"density" : 1,
					"friction" : 0.2,
					"name" : "fixture1"
				}
			],
			"linearVelocity" : 0,
			"name" : "body1",
			"position" : 
			{
				"x" : 10.91083908081055,
				"y" : 4.273078441619873
			},
			"type" : 0
		},
		
		{
			"angle" : 0,
			"angularVelocity" : 0,
			"awake" : true,
			"fixture" : 
			[
				
				{
					"circle" : 
					{
						"center" : 
						{
							"x" : -9.536743164062500e-07,
							"y" : 0
						},
						"radius" : 0.5289185643196106
					},
					"density" : 1,
					"friction" : 0.2,
					"name" : "fixture1"
				}
			],
			"linearVelocity" : 0,
			"name" : "body1",
			"position" : 
			{
				"x" : 8.275892257690430,
				"y" : 4.273078441619873
			},
			"type" : 0
		},
		
		{
			"angle" : 0,
			"angularVelocity" : 0,
			"awake" : true,
			"fixture" : 
			[
				
				{
					"circle" : 
					{
						"center" : 
						{
							"x" : -9.536743164062500e-07,
							"y" : 0
						},
						"radius" : 0.5289185643196106
					},
					"density" : 1,
					"friction" : 0.2,
					"name" : "fixture1"
				}
			],
			"linearVelocity" : 0,
			"name" : "body1",
			"position" : 
			{
				"x" : 5.595518112182617,
				"y" : 4.273078441619873
			},
			"type" : 0
		},
		
		{
			"angle" : 0,
			"angularVelocity" : 0,
			"awake" : true,
			"fixture" : 
			[
				
				{
					"circle" : 
					{
						"center" : 
						{
							"x" : 9.536743164062500e-07,
							"y" : -4.768371582031250e-07
						},
						"radius" : 0.5289185643196106
					},
					"density" : 1,
					"friction" : 0.2,
					"name" : "fixture1"
				}
			],
			"linearVelocity" : 0,
			"name" : "body1",
			"position" : 
			{
				"x" : 12.27373886108398,
				"y" : 6.408291339874268
			},
			"type" : 0
		},
		
		{
			"angle" : 0,
			"angularVelocity" : 0,
			"awake" : true,
			"fixture" : 
			[
				
				{
					"circle" : 
					{
						"center" : 
						{
							"x" : 0,
							"y" : -4.768371582031250e-07
						},
						"radius" : 0.5289185643196106
					},
					"density" : 1,
					"friction" : 0.2,
					"name" : "fixture1"
				}
			],
			"linearVelocity" : 0,
			"name" : "body1",
			"position" : 
			{
				"x" : 9.638792991638184,
				"y" : 6.408291339874268
			},
			"type" : 0
		},
		
		{
			"angle" : 0,
			"angularVelocity" : 0,
			"awake" : true,
			"fixture" : 
			[
				
				{
					"circle" : 
					{
						"center" : 
						{
							"x" : 0,
							"y" : -4.768371582031250e-07
						},
						"radius" : 0.5289185643196106
					},
					"density" : 1,
					"friction" : 0.2,
					"name" : "fixture1"
				}
			],
			"linearVelocity" : 0,
			"name" : "body1",
			"position" : 
			{
				"x" : 6.958424091339111,
				"y" : 6.408290863037109
			},
			"type" : 0
		},
		
		{
			"angle" : 0,
			"angularVelocity" : 0,
			"awake" : true,
			"fixture" : 
			[
				
				{
					"circle" : 
					{
						"center" : 0,
						"radius" : 0.5
					},
					"density" : 1,
					"friction" : 0.2,
					"name" : "fixture1"
				}
			],
			"linearVelocity" : 0,
			"massData-I" : 0.09817477315664291,
			"massData-mass" : 0.7853981852531433,
			"name" : "body1",
			"position" : 
			{
				"x" : 10.09983158111572,
				"y" : 9.347224235534668
			},
			"type" : 2
		},
		
		{
			"angle" : 0,
			"angularVelocity" : 0,
			"awake" : true,
			"fixture" : 
			[
				
				{
					"circle" : 
					{
						"center" : 0,
						"radius" : 0.5
					},
					"density" : 1,
					"friction" : 0.2,
					"name" : "fixture1"
				}
			],
			"linearVelocity" : 0,
			"massData-I" : 0.09817477315664291,
			"massData-mass" : 0.7853981852531433,
			"name" : "body1",
			"position" : 
			{
				"x" : 11.3571023941040,
				"y" : 11.23685550689697
			},
			"type" : 2
		},
		
		{
			"angle" : 0,
			"angularVelocity" : 0,
			"awake" : true,
			"fixture" : 
			[
				
				{
					"circle" : 
					{
						"center" : 0,